<?xml version="1.0" encoding="UTF-8"?>
<project-private xmlns="http://www.netbeans.org/ns/project-private/1">
    <editor-bookmarks xmlns="http://www.netbeans.org/ns/editor-bookmarks/2" lastBookmarkId="0"/>
    <open-files xmlns="http://www.netbeans.org/ns/projectui-open-files/2">
        <group>
            <file>file:/C:/Users/user/Documents/NetBeansProjects/22RP03196_IT/src/java/AddItemServlet.java</file>
            <file>file:/C:/Users/user/Documents/NetBeansProjects/22RP03196_IT/web/WEB-INF/web.xml</file>
            <file>file:/C:/Users/user/Documents/NetBeansProjects/22RP03196_IT/src/java/ViewCartServlet.java</file>
            <file>file:/C:/Users/user/Documents/NetBeansProjects/22RP03196_IT/src/java/RemoveItemServlet.java</file>
            <file>file:/C:/Users/user/Documents/NetBeansProjects/22RP03196_IT/src/java/ClearCartServlet.java</file>
            <file>file:/C:/Users/user/Documents/NetBeansProjects/22RP03196_IT/web/index.html</file>
        </group>
    </open-files>
</project-private>
